{"MSE": 2.45289782164401, "_timestamp": 1686845653.4117956, "_runtime": 4.639378547668457, "_step": 0, "_wandb": {"runtime": 4}}