{"MSE": 2.453983836538874, "_timestamp": 1686844676.55179, "_runtime": 11.280725955963135, "_step": 0, "_wandb": {"runtime": 10}}