{"MSE": 2.4603358126950634, "_timestamp": 1686845582.2597814, "_runtime": 4.106768369674683, "_step": 0, "_wandb": {"runtime": 3}}