{"MSE": 2.452651228397935, "_timestamp": 1686845599.3041437, "_runtime": 4.436813592910767, "_step": 0, "_wandb": {"runtime": 4}}