{"MSE": 2.453983836538874, "_timestamp": 1686844547.0412621, "_runtime": 11.223189115524292, "_step": 0, "_wandb": {"runtime": 10}}