{"MSE": 2.5391380148483127, "_timestamp": 1686845634.7493532, "_runtime": 2.3011412620544434, "_step": 0, "_wandb": {"runtime": 1}}