{"MSE": 2.484251833112838, "_timestamp": 1686845619.0041053, "_runtime": 2.3965163230895996, "_step": 0, "_wandb": {"runtime": 1}}